,mae,mse,rmse,r2
1,9.80085726996402,174.298474089497,13.2022147418339,0.42349466410927
