,mae,mse,rmse,r2
1,9.66097711329889,190.735950865621,13.8107186947538,0.366357880454769
