,mae,mse,rmse,r2
1,10.1012191216779,206.375252521397,14.3657666875596,0.352872992804449
