,mae,mse,rmse,r2
1,11.1860330462681,260.665140620867,16.1451274575603,0.337400057257991
