,mae,mse,rmse,r2
1,10.3219301331285,231.017306287965,15.1992534779826,0.306805959146052
