,mae,mse,rmse,r2
1,10.9838919035239,235.799077781729,15.3557506420796,0.287931254264248
