,mae,mse,rmse,r2
1,11.563181650283,242.856699366783,15.58386022033,0.332091779790002
