,mae,mse,rmse,r2
1,11.9763102385219,239.630133340802,15.4799913869744,0.2614776423389
