,mae,mse,rmse,r2
1,11.7687427590032,248.680928286358,15.7696204230273,0.226018217362184
