,mae,mse,rmse,r2
1,11.0144050084175,219.230654351036,14.8064396244011,0.246635436545257
